island ,location,location ,top ,bottem ,rotation
arran ,55.6312,-5.18641,743,554,130
arran ,55.65847,-5.23631,859,451,340
arran ,55.66155,-5.33693,642,335,335
arran ,55.62414,-5.22981,595,398,50
arran ,55.61947,-5.23639,792,525,140
arran ,55.63057,-5.24162,627,492,335
