island ,location,location ,top ,bottem ,rotation
Rum,57.01098,-6.37931,494,269,85
Rum,57.00002,-6.39691,511,372,170
Rum,57.00751,-6.40312,525,324,335
Rum,56.96989,-6.32495,659,347,235
Rum,56.99686,-6.30172,466,283,20
Rum,56.9817,-6.30617,589,240,280
Rum,56.98018,-6.27229,602,346,90
Rum,56.96804,-6.27964,484,313,85
