island ,location,location ,top ,bottem ,rotation
Mull,56.44468,-5.76363,491,263,110
Mull,56.45661,-5.75694,697,420,75
Mull,56.44951,-5.99823,702,306,330
Mull,56.41602,-5.92553,454,380,90
Mull,56.42967,-6.0105,854,584,355
Mull,56.43284,-5.97656,816,147,70
